name,vendor
Wireless Bluetooth Headphones,TechSound Corp
Smart Fitness Tracker,HealthTech Solutions
Portable Power Bank 10000mAh,PowerMax Industries
Wireless Charging Pad,InnoCharge Ltd
Smart Home Security Camera,SecureVision Inc
Bluetooth Gaming Controller,GameTech Pro
Noise Cancelling Earbuds,AudioPrime Technologies
Smart Water Bottle,HydroSmart Innovations
Portable Bluetooth Speaker,SoundWave Electronics
Smart LED Light Bulb,BrightHome Solutions
Wireless Mouse RGB Gaming,PixelGear Systems
Smart Doorbell Camera,HomeSafe Technologies
Portable USB-C Hub,ConnectTech Solutions
Smart Temperature Sensor,ClimateWise Devices
Wireless Car Charger Mount,AutoTech Innovations
Smart Fitness Scale,HealthMetrics Corp
Portable Solar Power Bank,EcoCharge Solutions
Smart Air Quality Monitor,AirSense Technologies
Wireless Gaming Headset,AudioGamer Pro
Smart Plant Watering System,GreenTech Innovations
Portable Laptop Stand,ErgoDesk Solutions
Smart Kitchen Timer,CookSmart Devices
Wireless Keyboard Mechanical,TypeMaster Technologies
Smart Night Light Motion,LightSense Innovations
Portable Phone Stand Adjustable,MobileStand Corp
Smart Smoke Detector WiFi,SafeGuard Technologies
Wireless Earbuds Pro,AudioElite Solutions
Smart Garage Door Opener,AutoAccess Systems
Portable Wireless Charger Pad,QuickCharge Industries
Smart Pet Feeder Automatic,PetCare Innovations
Wireless Conference Speaker,BusinessSound Corp
Smart Garden Irrigation Timer,GrowSmart Technologies
Portable External SSD 1TB,DataSafe Solutions
Smart Door Lock Keypad,SecureLock Innovations
Wireless Presentation Remote,PresentPro Devices
Smart Weather Station Home,WeatherWise Corp
Portable Car Jump Starter,AutoRescue Solutions
Smart Mirror Fitness Display,FitMirror Technologies
Wireless Sound Bar TV,HomeAudio Systems
Smart Sprinkler Controller WiFi,WaterSmart Innovations
Portable Projector Mini LED,ViewTech Solutions
Smart Thermostat Learning,ClimateTech Corp
Wireless Security Camera Outdoor,OutdoorSafe Systems
Smart Coffee Maker Programmable,BrewMaster Innovations
Portable Battery Pack Solar,SolarCharge Technologies
Smart Leak Detector Water,FlowSense Solutions
Wireless Tablet Stand Desktop,TabletPro Accessories
Smart Air Purifier HEPA,PureAir Technologies
Portable WiFi Hotspot Device,ConnectAnywhere Corp
Smart Video Doorbell Pro,DoorTech Innovations